,Ant,Larva,Food
0,50,0,12
1,50,0,44
2,50,0,56
3,50,12,49
4,50,22,48
5,48,25,54
6,45,38,50
7,45,42,59
8,54,43,44
9,61,46,38
10,62,51,43
11,71,54,25
12,72,68,16
13,81,68,11
14,92,71,0
15,89,79,2
16,93,72,1
17,102,69,1
18,105,64,1
19,114,63,1
20,117,59,10
21,114,71,1
22,121,81,0
23,127,72,12
24,129,77,1
25,131,84,0
26,139,80,2
27,149,78,0
28,148,94,7
29,141,97,2
30,144,95,2
31,146,99,4
32,146,92,0
33,148,83,2
34,155,78,0
35,163,80,1
36,177,88,3
37,177,99,14
38,186,112,12
39,193,124,8
40,199,129,6
41,203,127,1
42,212,130,7
43,219,126,22
44,238,133,10
45,249,142,5
46,247,127,1
47,233,111,2
48,229,103,0
49,237,91,0
50,238,73,9
51,228,89,14
52,226,113,6
53,228,125,4
54,235,130,5
55,236,141,6
56,243,134,4
57,254,131,2
58,258,125,0
59,260,116,5
60,263,111,1
61,278,111,5
62,284,107,7
63,302,109,9
64,306,124,9
65,302,133,1
66,294,132,0
67,288,126,2
68,285,119,8
69,287,109,0
70,288,95,6
71,284,94,6
72,286,101,8
73,293,98,14
74,299,101,16
75,299,118,22
76,299,132,15
77,299,141,0
78,294,138,0
79,282,139,6
80,299,130,1
81,304,133,4
82,299,122,0
83,293,126,10
84,301,137,13
85,312,130,6
86,324,122,28
87,330,132,25
88,332,145,24
89,350,140,4
90,352,143,5
91,349,147,12
92,344,144,7
93,362,130,3
94,373,125,5
95,376,119,0
96,374,118,2
97,363,111,3
98,342,119,1
99,350,118,6
100,350,128,5
101,356,130,2
102,350,134,5
103,342,133,2
104,345,133,0
105,340,132,13
106,349,127,5
107,360,132,6
108,358,138,4
109,350,134,8
110,343,130,3
111,341,126,1
112,339,115,4
113,348,103,7
114,345,111,1
115,330,111,2
116,319,106,0
117,310,110,1
118,303,106,2
119,298,93,5
120,298,90,0
121,287,97,0
122,278,91,2
123,274,90,6
124,269,96,0
125,258,87,2
126,248,85,4
127,249,87,2
128,244,82,2
129,233,67,2
130,220,82,3
131,227,83,4
132,233,79,2
133,227,80,3
134,221,94,2
135,217,88,5
136,221,77,1
137,203,73,2
138,204,69,6
139,203,66,10
140,212,64,6
141,212,66,13
142,202,78,10
143,200,84,5
144,213,80,17
145,215,82,26
146,217,81,33
147,218,78,31
148,215,72,35
149,222,77,45
150,227,75,52
151,226,74,58
152,231,77,72
153,238,88,75
154,246,81,67
155,237,89,69
156,236,102,72
157,243,92,75
158,252,86,85
159,251,85,89
160,257,81,90
161,264,76,76
162,261,80,74
163,267,75,59
164,262,81,48
165,269,85,37
166,267,89,29
167,268,82,41
168,264,94,73
169,269,90,84
170,278,89,91
171,284,86,90
172,274,96,89
173,281,102,82
174,285,96,83
175,288,97,85
176,293,95,95
177,296,97,81
178,309,90,69
179,307,102,65
180,310,104,56
181,313,107,70
182,313,103,65
183,313,104,66
184,317,102,60
185,323,105,44
186,325,102,36
187,327,106,33
188,334,101,9
189,331,102,3
190,335,89,3
191,330,97,0
192,333,84,2
193,330,77,28
194,330,80,23
195,324,90,31
196,331,88,37
197,331,105,35
198,324,121,44
199,324,128,37
200,323,129,32
201,324,135,5
202,331,124,0
203,314,104,1
204,320,95,3
205,318,92,5
206,324,82,4
207,320,85,4
208,312,107,1
209,305,99,2
210,301,96,3
211,297,96,3
212,302,93,0
213,302,83,6
214,302,85,29
215,301,84,25
216,305,90,18
217,315,94,20
218,315,95,16
219,309,100,18
220,308,103,28
221,314,98,21
222,319,95,15
223,319,98,9
224,319,95,9
225,311,89,1
226,318,85,4
227,317,79,26
228,315,79,14
229,314,74,18
230,306,86,28
231,310,86,28
232,310,98,36
233,305,99,46
234,293,108,52
235,297,102,53
236,295,105,30
237,301,102,27
238,301,94,23
239,307,83,13
240,309,87,6
241,311,79,14
242,317,80,11
243,314,94,15
244,309,100,14
245,305,103,6
246,295,97,0
247,284,91,7
248,292,84,20
249,296,84,6

,Ant+Larva,Food
0,50,12
1,50,44
2,50,56
3,62,49
4,72,48
5,73,54
6,83,50
7,87,59
8,97,44
9,107,38
10,113,43
11,125,25
12,140,16
13,149,11
14,163,0
15,168,2
16,165,1
17,171,1
18,169,1
19,177,1
20,176,10
21,185,1
22,202,0
23,199,12
24,206,1
25,215,0
26,219,2
27,227,0
28,242,7
29,238,2
30,239,2
31,245,4
32,238,0
33,231,2
34,233,0
35,243,1
36,265,3
37,276,14
38,298,12
39,317,8
40,328,6
41,330,1
42,342,7
43,345,22
44,371,10
45,391,5
46,374,1
47,344,2
48,332,0
49,328,0
50,311,9
51,317,14
52,339,6
53,353,4
54,365,5
55,377,6
56,377,4
57,385,2
58,383,0
59,376,5
60,374,1
61,389,5
62,391,7
63,411,9
64,430,9
65,435,1
66,426,0
67,414,2
68,404,8
69,396,0
70,383,6
71,378,6
72,387,8
73,391,14
74,400,16
75,417,22
76,431,15
77,440,0
78,432,0
79,421,6
80,429,1
81,437,4
82,421,0
83,419,10
84,438,13
85,442,6
86,446,28
87,462,25
88,477,24
89,490,4
90,495,5
91,496,12
92,488,7
93,492,3
94,498,5
95,495,0
96,492,2
97,474,3
98,461,1
99,468,6
100,478,5
101,486,2
102,484,5
103,475,2
104,478,0
105,472,13
106,476,5
107,492,6
108,496,4
109,484,8
110,473,3
111,467,1
112,454,4
113,451,7
114,456,1
115,441,2
116,425,0
117,420,1
118,409,2
119,391,5
120,388,0
121,384,0
122,369,2
123,364,6
124,365,0
125,345,2
126,333,4
127,336,2
128,326,2
129,300,2
130,302,3
131,310,4
132,312,2
133,307,3
134,315,2
135,305,5
136,298,1
137,276,2
138,273,6
139,269,10
140,276,6
141,278,13
142,280,10
143,284,5
144,293,17
145,297,26
146,298,33
147,296,31
148,287,35
149,299,45
150,302,52
151,300,58
152,308,72
153,326,75
154,327,67
155,326,69
156,338,72
157,335,75
158,338,85
159,336,89
160,338,90
161,340,76
162,341,74
163,342,59
164,343,48
165,354,37
166,356,29
167,350,41
168,358,73
169,359,84
170,367,91
171,370,90
172,370,89
173,383,82
174,381,83
175,385,85
176,388,95
177,393,81
178,399,69
179,409,65
180,414,56
181,420,70
182,416,65
183,417,66
184,419,60
185,428,44
186,427,36
187,433,33
188,435,9
189,433,3
190,424,3
191,427,0
192,417,2
193,407,28
194,410,23
195,414,31
196,419,37
197,436,35
198,445,44
199,452,37
200,452,32
201,459,5
202,455,0
203,418,1
204,415,3
205,410,5
206,406,4
207,405,4
208,419,1
209,404,2
210,397,3
211,393,3
212,395,0
213,385,6
214,387,29
215,385,25
216,395,18
217,409,20
218,410,16
219,409,18
220,411,28
221,412,21
222,414,15
223,417,9
224,414,9
225,400,1
226,403,4
227,396,26
228,394,14
229,388,18
230,392,28
231,396,28
232,408,36
233,404,46
234,401,52
235,399,53
236,400,30
237,403,27
238,395,23
239,390,13
240,396,6
241,390,14
242,397,11
243,408,15
244,409,14
245,408,6
246,392,0
247,375,7
248,376,20
249,380,6

,Breed,0.05,0.1,0.15,0.2,0.25,0.3,0.35,0.4,0.45,0.5,0.55,0.6,0.65,0.7,0.75,0.8,0.85,0.9,Forage
0,0,0,0,0,0,0,0,0,0,50,0,0,0,0,0,0,0,0,0,0,
1,0,0,0,0,0,0,0,0,0,50,0,0,0,0,0,0,0,0,0,0,
2,0,0,0,0,0,0,0,0,0,50,0,0,0,0,0,0,0,0,0,0,
3,0,0,0,0,0,0,0,0,0,50,0,0,0,0,0,0,0,0,0,0,
4,0,0,0,0,0,0,0,0,0,50,0,0,0,0,0,0,0,0,0,0,
5,0,0,0,0,0,0,0,0,0,48,0,0,0,0,0,0,0,0,0,0,
6,0,0,0,0,0,0,0,0,0,45,0,0,0,0,0,0,0,0,0,0,
7,0,0,0,0,0,0,0,0,0,45,0,0,0,0,0,0,0,0,0,0,
8,0,0,0,0,0,0,0,0,0,53,1,0,0,0,0,0,0,0,0,0,
9,0,0,0,0,0,0,0,0,0,59,1,1,0,0,0,0,0,0,0,0,
10,0,0,0,0,0,0,0,0,0,60,1,1,0,0,0,0,0,0,0,0,
11,0,0,0,0,0,0,0,0,0,65,3,3,0,0,0,0,0,0,0,0,
12,0,0,0,0,0,0,0,0,0,66,3,3,0,0,0,0,0,0,0,0,
13,0,0,0,0,0,0,0,0,0,73,4,4,0,0,0,0,0,0,0,0,
14,0,0,0,0,0,0,0,0,0,84,4,4,0,0,0,0,0,0,0,0,
15,0,0,0,0,0,0,0,0,0,81,4,4,0,0,0,0,0,0,0,0,
16,0,0,0,0,0,0,0,0,0,84,4,5,0,0,0,0,0,0,0,0,
17,0,0,0,0,0,0,0,0,0,92,4,6,0,0,0,0,0,0,0,0,
18,0,0,0,0,0,0,0,0,0,95,4,6,0,0,0,0,0,0,0,0,
19,0,0,0,0,0,0,0,0,0,102,4,8,0,0,0,0,0,0,0,0,
20,0,0,0,0,0,0,0,0,0,103,3,10,1,0,0,0,0,0,0,0,
21,0,0,0,0,0,0,0,0,0,103,1,9,1,0,0,0,0,0,0,0,
22,0,0,0,0,0,0,0,0,0,108,1,11,1,0,0,0,0,0,0,0,
23,0,0,0,0,0,0,0,0,0,113,1,12,1,0,0,0,0,0,0,0,
24,0,0,0,0,0,0,0,0,0,115,0,13,1,0,0,0,0,0,0,0,
25,0,0,0,0,0,0,0,0,0,118,0,12,1,0,0,0,0,0,0,0,
26,0,0,0,0,0,0,0,0,0,122,0,16,1,0,0,0,0,0,0,0,
27,0,0,0,0,0,0,0,0,1,127,0,20,1,0,0,0,0,0,0,0,
28,0,0,0,0,0,0,0,0,1,126,0,21,0,0,0,0,0,0,0,0,
29,0,0,0,0,0,0,0,0,2,116,1,21,1,0,0,0,0,0,0,0,
30,0,0,0,0,0,0,0,0,2,119,1,21,1,0,0,0,0,0,0,0,
31,0,0,0,0,0,0,0,0,2,119,1,23,1,0,0,0,0,0,0,0,
32,0,0,0,0,0,0,0,0,2,117,1,25,1,0,0,0,0,0,0,0,
33,0,0,0,0,0,0,0,0,2,115,2,28,1,0,0,0,0,0,0,0,
34,0,0,0,0,0,0,0,0,2,116,2,34,1,0,0,0,0,0,0,0,
35,0,0,0,0,0,0,0,0,2,116,2,41,2,0,0,0,0,0,0,0,
36,0,0,0,0,0,0,0,0,2,125,2,46,2,0,0,0,0,0,0,0,
37,0,0,0,0,0,0,0,0,2,121,2,49,3,0,0,0,0,0,0,0,
38,0,0,0,0,0,0,0,0,3,124,2,54,3,0,0,0,0,0,0,0,
39,0,0,0,0,0,0,0,0,3,123,2,62,3,0,0,0,0,0,0,0,
40,0,0,0,0,0,0,0,0,3,122,2,68,4,0,0,0,0,0,0,0,
41,0,0,0,0,0,0,0,0,4,121,2,71,5,0,0,0,0,0,0,0,
42,0,0,0,0,0,0,0,0,3,123,3,78,5,0,0,0,0,0,0,0,
43,0,0,0,0,0,0,0,0,4,121,4,84,6,0,0,0,0,0,0,0,
44,0,0,0,0,0,0,0,0,4,132,5,91,6,0,0,0,0,0,0,0,
45,0,0,0,0,0,0,0,0,5,137,5,96,6,0,0,0,0,0,0,0,
46,0,0,0,0,0,0,0,0,5,133,5,98,6,0,0,0,0,0,0,0,
47,0,0,0,0,0,0,0,0,5,129,5,88,6,0,0,0,0,0,0,0,
48,0,0,0,0,0,0,0,0,5,125,4,88,7,0,0,0,0,0,0,0,
49,0,0,0,0,0,0,0,0,4,129,6,91,7,0,0,0,0,0,0,0,
50,0,0,0,0,0,0,0,0,5,131,5,89,8,0,0,0,0,0,0,0,
51,0,0,0,0,0,0,0,0,5,127,5,83,8,0,0,0,0,0,0,0,
52,0,0,0,0,0,0,0,0,4,130,5,79,7,1,0,0,0,0,0,0,
53,0,0,0,0,0,0,0,0,3,136,4,77,7,1,0,0,0,0,0,0,
54,0,0,0,0,0,0,0,0,3,139,4,82,6,1,0,0,0,0,0,0,
55,0,0,0,0,0,0,0,0,3,136,5,84,7,1,0,0,0,0,0,0,
56,0,0,0,0,0,0,0,0,3,133,5,90,10,2,0,0,0,0,0,0,
57,0,0,0,0,0,0,0,0,3,136,7,95,10,3,0,0,0,0,0,0,
58,0,0,0,0,0,0,0,0,4,135,6,99,11,3,0,0,0,0,0,0,
59,0,0,0,0,0,0,0,0,5,131,6,103,12,3,0,0,0,0,0,0,
60,0,0,0,0,0,0,0,0,5,131,6,105,12,4,0,0,0,0,0,0,
61,0,0,0,0,0,0,0,0,5,135,6,112,14,6,0,0,0,0,0,0,
62,0,0,0,0,0,0,0,0,6,131,6,121,13,7,0,0,0,0,0,0,
63,0,0,0,0,0,0,0,0,6,137,6,129,15,9,0,0,0,0,0,0,
64,0,0,0,0,0,0,0,0,6,143,7,126,15,9,0,0,0,0,0,0,
65,0,0,0,0,0,0,0,0,6,139,7,125,15,10,0,0,0,0,0,0,
66,0,0,0,0,0,0,0,0,7,134,6,123,14,10,0,0,0,0,0,0,
67,0,0,0,0,0,0,0,0,9,128,6,122,13,10,0,0,0,0,0,0,
68,0,0,0,0,0,0,0,0,7,131,6,116,15,10,0,0,0,0,0,0,
69,0,0,0,0,0,0,0,0,7,130,6,115,16,12,1,0,0,0,0,0,
70,0,0,0,0,0,0,0,0,7,120,7,121,20,12,1,0,0,0,0,0,
71,0,0,0,0,0,0,0,0,8,113,7,121,20,14,1,0,0,0,0,0,
72,0,0,0,0,0,0,0,0,7,109,8,125,21,15,1,0,0,0,0,0,
73,0,0,0,0,0,0,0,0,8,110,8,126,23,17,1,0,0,0,0,0,
74,0,0,0,0,0,0,0,0,7,109,9,129,27,17,1,0,0,0,0,0,
75,0,0,0,0,0,0,0,0,7,106,10,130,27,18,1,0,0,0,0,0,
76,0,0,0,0,0,0,0,0,7,107,11,131,24,18,1,0,0,0,0,0,
77,0,0,0,0,0,0,0,0,6,104,11,132,27,18,1,0,0,0,0,0,
78,0,0,0,0,0,0,0,0,6,106,10,125,27,19,1,0,0,0,0,0,
79,0,0,0,0,0,0,0,0,6,103,9,120,24,19,1,0,0,0,0,0,
80,0,0,0,0,0,0,0,0,5,101,8,134,27,23,1,0,0,0,0,0,
81,0,0,0,0,0,0,0,0,5,98,8,140,27,25,1,0,0,0,0,0,
82,0,0,0,0,0,0,0,0,5,95,10,133,28,27,1,0,0,0,0,0,
83,0,0,0,0,0,0,0,0,4,92,10,136,25,25,1,0,0,0,0,0,
84,0,0,0,0,0,0,0,0,4,90,10,140,29,27,1,0,0,0,0,0,
85,0,0,0,0,0,0,0,0,7,87,13,146,31,27,1,0,0,0,0,0,
86,0,0,0,0,0,0,0,0,7,89,15,152,33,27,1,0,0,0,0,0,
87,0,0,0,0,0,0,0,0,7,89,13,156,34,30,1,0,0,0,0,0,
88,0,0,0,0,0,0,0,0,8,88,13,156,35,31,1,0,0,0,0,0,
89,0,0,0,0,0,0,0,0,10,90,14,159,39,37,1,0,0,0,0,0,
90,0,0,0,0,0,0,0,0,10,94,15,156,39,37,1,0,0,0,0,0,
91,0,0,0,0,0,0,0,0,10,89,16,156,38,39,1,0,0,0,0,0,
92,0,0,0,0,0,0,0,0,10,92,17,150,36,38,1,0,0,0,0,0,
93,0,0,0,0,0,0,0,0,10,94,20,159,35,43,1,0,0,0,0,0,
94,0,0,0,0,0,0,0,0,11,97,21,161,38,44,1,0,0,0,0,0,
95,0,0,0,0,0,0,0,0,11,98,22,164,37,43,1,0,0,0,0,0,
96,0,0,0,0,0,0,0,0,12,99,24,158,36,44,1,0,0,0,0,0,
97,0,0,0,0,0,0,0,0,14,97,23,149,35,44,1,0,0,0,0,0,
98,0,0,0,0,0,0,0,0,15,87,21,144,32,43,0,0,0,0,0,0,
99,0,0,0,0,0,0,0,0,16,85,21,147,34,46,1,0,0,0,0,0,
100,0,0,0,0,0,0,0,0,18,83,21,146,34,47,1,0,0,0,0,0,
101,0,0,0,0,0,0,0,0,18,84,22,146,36,49,1,0,0,0,0,0,
102,0,0,0,0,0,0,0,0,18,81,21,145,33,51,1,0,0,0,0,0,
103,0,0,0,0,0,0,0,0,16,80,21,142,33,49,1,0,0,0,0,0,
104,0,0,0,0,0,0,0,0,18,81,20,142,32,51,1,0,0,0,0,0,
105,0,0,0,0,0,0,0,0,16,85,18,137,32,50,1,1,0,0,0,0,
106,0,0,0,0,0,0,0,0,18,88,17,139,32,53,1,1,0,0,0,0,
107,0,0,0,0,0,0,0,0,20,87,19,143,35,54,1,1,0,0,0,0,
108,0,0,0,0,0,0,0,0,21,84,21,141,35,54,1,1,0,0,0,0,
109,0,0,0,0,0,0,0,0,22,83,19,139,35,51,0,1,0,0,0,0,
110,0,0,0,0,0,0,0,0,22,81,19,131,34,54,0,2,0,0,0,0,
111,0,0,0,0,0,0,0,0,23,81,18,131,33,53,0,2,0,0,0,0,
112,0,0,0,0,0,0,0,0,22,79,16,135,31,53,0,3,0,0,0,0,
113,0,0,0,0,0,0,0,0,23,88,17,137,28,52,0,3,0,0,0,0,
114,0,0,0,0,0,0,0,0,22,90,17,134,26,52,1,3,0,0,0,0,
115,0,0,0,0,0,0,0,1,19,89,18,125,24,51,1,2,0,0,0,0,
116,0,0,0,0,0,0,0,1,19,84,16,125,21,50,1,2,0,0,0,0,
117,0,0,0,0,0,0,0,1,18,80,15,122,21,49,1,3,0,0,0,0,
118,0,0,0,0,0,0,0,1,17,81,15,119,20,46,1,3,0,0,0,0,
119,0,0,0,0,0,0,0,1,15,83,14,117,18,46,1,3,0,0,0,0,
120,0,0,0,0,0,0,0,1,17,79,13,118,16,50,1,3,0,0,0,0,
121,0,0,0,0,0,0,0,1,15,77,12,112,15,50,1,4,0,0,0,0,
122,0,0,0,0,0,0,0,1,13,79,11,107,13,49,1,4,0,0,0,0,
123,0,0,0,0,0,0,0,1,13,75,12,102,13,52,2,4,0,0,0,0,
124,0,0,0,0,0,0,0,0,11,76,13,99,13,51,2,4,0,0,0,0,
125,0,0,0,0,0,0,0,0,12,69,13,96,14,49,1,4,0,0,0,0,
126,0,0,0,0,0,0,0,0,13,65,12,90,13,50,1,4,0,0,0,0,
127,0,0,0,0,0,0,0,0,12,68,12,88,13,51,1,4,0,0,0,0,
128,0,0,0,0,0,0,0,0,12,66,10,87,14,49,1,5,0,0,0,0,
129,0,0,0,0,0,0,0,0,11,62,10,83,15,46,1,5,0,0,0,0,
130,0,0,0,0,0,0,0,0,12,58,9,78,14,43,1,5,0,0,0,0,
131,0,0,0,0,0,0,0,0,14,59,10,84,12,43,1,4,0,0,0,0,
132,0,0,0,0,0,0,0,0,13,55,10,87,13,50,1,4,0,0,0,0,
133,0,0,0,0,0,0,0,0,12,52,10,89,11,48,1,4,0,0,0,0,
134,0,0,0,0,0,0,0,0,14,51,8,87,10,47,1,3,0,0,0,0,
135,0,0,0,0,0,0,0,0,11,51,8,83,8,51,2,3,0,0,0,0,
136,0,0,0,0,0,0,0,0,10,51,6,88,8,53,2,3,0,0,0,0,
137,0,0,0,0,0,0,0,0,8,46,5,81,7,50,3,3,0,0,0,0,
138,0,0,0,0,0,0,0,0,8,42,5,80,7,55,3,4,0,0,0,0,
139,0,0,0,0,0,0,0,0,6,42,5,83,8,52,3,4,0,0,0,0,
140,0,0,0,0,0,0,0,0,6,41,5,90,7,56,3,4,0,0,0,0,
141,0,0,0,0,0,0,0,0,6,44,5,85,8,57,3,4,0,0,0,0,
142,0,0,0,0,0,0,0,0,6,43,5,78,9,55,3,3,0,0,0,0,
143,0,0,0,0,0,0,0,0,5,39,5,79,9,56,4,3,0,0,0,0,
144,0,0,0,0,0,0,0,0,3,42,5,89,9,58,4,3,0,0,0,0,
145,0,0,0,0,0,0,0,0,3,42,5,92,9,55,4,4,1,0,0,0,
146,0,0,0,0,0,0,0,0,3,42,6,92,9,55,4,5,1,0,0,0,
147,0,0,0,0,0,0,0,0,4,39,7,93,10,53,5,6,1,0,0,0,
148,0,0,0,0,0,0,0,0,3,42,7,93,10,47,6,6,1,0,0,0,
149,0,0,0,0,0,0,0,0,4,43,7,97,10,49,5,6,1,0,0,0,
150,0,0,0,0,0,0,0,0,5,45,8,97,13,48,5,5,1,0,0,0,
151,0,0,0,0,0,0,0,0,5,48,8,93,13,48,5,6,0,0,0,0,
152,0,0,0,0,0,0,0,0,5,45,9,97,16,48,5,6,0,0,0,0,
153,0,0,0,0,0,0,0,0,5,44,9,98,17,51,7,7,0,0,0,0,
154,0,0,0,0,0,0,0,0,5,45,9,100,18,54,7,8,0,0,0,0,
155,0,0,0,0,0,0,0,0,6,50,9,95,18,45,6,8,0,0,0,0,
156,0,0,0,0,0,0,0,0,6,50,11,89,19,47,6,8,0,0,0,0,
157,0,0,0,0,0,0,0,0,6,51,11,87,21,52,6,9,0,0,0,0,
158,0,0,0,0,0,0,0,0,6,55,11,90,22,52,6,10,0,0,0,0,
159,0,0,0,0,0,0,0,0,7,58,11,85,22,51,6,11,0,0,0,0,
160,0,0,0,0,0,0,0,0,7,56,11,85,23,58,7,10,0,0,0,0,
161,0,0,0,0,0,0,0,0,9,57,10,88,24,59,6,11,0,0,0,0,
162,0,0,0,0,0,0,0,0,11,52,9,85,24,62,7,11,0,0,0,0,
163,0,0,0,0,0,0,0,0,11,50,11,85,24,69,6,11,0,0,0,0,
164,0,0,0,0,0,0,0,0,10,49,12,82,24,69,6,10,0,0,0,0,
165,0,0,0,0,0,0,0,0,11,49,11,86,26,71,7,8,0,0,0,0,
166,0,0,0,0,0,0,0,0,11,42,11,85,25,77,8,8,0,0,0,0,
167,0,0,0,0,0,0,0,0,11,41,14,83,22,79,9,9,0,0,0,0,
168,0,0,0,0,0,0,0,0,11,34,14,81,22,81,9,12,0,0,0,0,
169,0,0,0,0,0,0,0,0,11,34,14,82,20,87,10,11,0,0,0,0,
170,0,0,0,0,0,0,0,0,10,33,14,90,21,89,9,12,0,0,0,0,
171,0,0,0,0,0,0,0,0,9,37,15,90,23,88,11,11,0,0,0,0,
172,0,0,0,0,0,0,0,0,9,38,16,83,19,88,11,10,0,0,0,0,
173,0,0,0,0,0,0,0,0,9,41,15,82,19,90,11,14,0,0,0,0,
174,0,0,0,0,0,0,0,0,10,44,15,81,20,91,11,13,0,0,0,0,
175,0,0,0,0,0,0,0,0,10,45,18,76,19,92,11,17,0,0,0,0,
176,0,0,0,0,0,0,0,0,11,50,17,75,19,93,10,18,0,0,0,0,
177,0,0,0,0,0,0,0,0,13,50,18,74,18,93,12,18,0,0,0,0,
178,0,0,0,0,0,0,0,0,16,49,19,80,18,94,13,19,1,0,0,0,
179,0,0,0,0,0,0,0,0,17,49,19,77,17,95,12,20,1,0,0,0,
180,0,0,0,0,0,0,0,0,17,47,17,77,21,97,13,20,1,0,0,0,
181,0,0,0,0,0,0,0,0,16,50,17,77,22,100,11,19,1,0,0,0,
182,0,0,0,0,0,0,0,0,17,53,15,82,24,92,11,18,1,0,0,0,
183,0,0,0,0,0,0,0,0,18,53,15,78,23,97,9,18,2,0,0,0,
184,0,0,0,0,0,0,0,0,21,54,13,80,20,100,9,17,3,0,0,0,
185,0,0,0,0,0,0,0,0,22,59,13,77,20,104,8,17,3,0,0,0,
186,0,0,0,0,0,0,0,0,22,62,14,75,23,102,7,17,3,0,0,0,
187,0,0,0,0,0,0,0,0,22,63,13,79,22,101,7,17,3,0,0,0,
188,0,0,0,0,0,0,0,0,22,71,13,77,20,104,7,17,3,0,0,0,
189,0,0,0,0,0,0,0,0,21,74,13,74,19,105,6,16,3,0,0,0,
190,0,0,0,0,0,0,0,0,22,75,13,76,21,103,7,15,3,0,0,0,
191,0,0,0,0,0,0,0,0,21,71,12,78,21,100,7,17,3,0,0,0,
192,0,0,0,0,0,0,0,0,20,68,12,81,22,101,7,19,3,0,0,0,
193,0,0,0,0,0,0,0,0,20,71,13,77,22,99,5,20,3,0,0,0,
194,0,0,0,0,0,0,0,0,22,70,14,76,21,101,4,19,3,0,0,0,
195,0,0,0,0,0,0,0,0,21,66,14,72,19,105,4,20,3,0,0,0,
196,0,0,0,0,0,0,0,0,21,68,15,74,16,112,2,20,3,0,0,0,
197,0,0,0,0,0,0,0,0,24,65,16,74,17,112,2,18,3,0,0,0,
198,0,0,0,0,0,0,0,0,23,68,14,71,16,107,5,17,3,0,0,0,
199,0,0,0,0,0,0,0,0,22,67,16,71,17,102,5,20,4,0,0,0,
200,0,0,0,0,0,0,0,0,24,66,13,74,20,97,4,22,3,0,0,0,
201,0,0,0,0,0,0,0,0,24,68,12,73,22,95,4,23,3,0,0,0,
202,0,0,0,0,0,0,0,0,26,70,14,74,21,94,4,25,3,0,0,0,
203,0,0,0,0,0,0,0,0,25,65,14,69,22,88,4,24,3,0,0,0,
204,0,0,0,0,0,0,0,0,25,65,16,74,21,88,4,25,2,0,0,0,
205,0,0,0,0,0,0,0,0,23,65,14,75,20,85,4,30,2,0,0,0,
206,0,0,0,0,0,0,0,0,25,64,15,77,20,86,5,30,2,0,0,0,
207,0,0,0,0,0,0,0,0,26,59,14,77,20,86,5,31,2,0,0,0,
208,0,0,0,0,0,0,0,0,26,54,14,73,22,85,5,31,2,0,0,0,
209,0,0,0,0,0,0,0,0,28,50,14,70,21,87,5,28,2,0,0,0,
210,0,0,0,0,0,0,0,0,28,46,13,74,20,86,4,28,2,0,0,0,
211,0,0,0,0,0,0,0,0,26,45,13,79,18,82,4,28,2,0,0,0,
212,0,0,0,0,0,0,0,0,26,46,14,75,16,85,4,34,2,0,0,0,
213,0,0,0,0,0,0,0,0,25,47,12,76,14,87,4,35,2,0,0,0,
214,0,0,0,0,0,0,0,0,27,44,13,75,14,87,3,37,2,0,0,0,
215,0,0,0,0,0,0,0,0,27,44,13,74,13,88,4,36,2,0,0,0,
216,0,0,0,0,0,0,0,0,28,45,13,74,14,90,3,36,2,0,0,0,
217,0,0,0,0,0,0,0,0,28,48,14,73,16,90,3,41,2,0,0,0,
218,0,0,0,0,0,0,0,0,28,47,13,74,17,88,3,43,2,0,0,0,
219,0,0,0,0,0,0,0,0,26,48,13,72,18,84,4,42,2,0,0,0,
220,0,0,0,0,0,0,0,0,25,44,13,73,18,85,4,44,2,0,0,0,
221,0,0,0,0,0,0,0,0,23,46,13,75,19,86,6,44,2,0,0,0,
222,0,0,0,0,0,0,0,1,22,47,12,76,18,87,9,45,2,0,0,0,
223,0,0,0,0,0,0,0,1,23,51,10,72,17,87,8,48,2,0,0,0,
224,0,0,0,0,0,0,0,1,25,49,11,69,16,85,7,54,2,0,0,0,
225,0,0,0,0,0,0,0,1,25,50,11,63,15,82,6,56,2,0,0,0,
226,0,0,0,0,0,0,0,1,23,52,9,67,15,82,6,61,2,0,0,0,
227,0,0,0,0,0,0,0,1,24,53,8,66,12,84,5,62,2,0,0,0,
228,0,0,0,0,0,0,0,1,25,49,9,69,11,83,5,61,2,0,0,0,
229,0,0,0,0,0,0,0,1,25,48,10,69,9,80,5,64,3,0,0,0,
230,0,0,0,0,0,0,0,1,25,50,8,71,9,76,4,60,2,0,0,0,
231,0,0,0,0,0,0,0,1,25,51,9,73,9,76,4,60,2,0,0,0,
232,0,0,0,0,0,0,0,1,25,51,9,73,9,77,4,59,2,0,0,0,
233,0,0,0,0,0,0,0,2,26,51,9,70,6,75,4,61,1,0,0,0,
234,0,0,0,0,0,0,0,2,28,50,8,64,6,70,3,61,1,0,0,0,
235,0,0,0,0,0,0,0,2,29,51,10,65,7,65,3,64,1,0,0,0,
236,0,0,0,0,0,0,0,1,28,53,13,57,8,68,3,63,1,0,0,0,
237,0,0,0,0,0,0,0,1,27,57,13,56,8,68,3,67,1,0,0,0,
238,0,0,0,0,0,0,0,1,30,58,13,53,7,69,3,65,1,1,0,0,
239,0,0,0,0,0,0,0,1,31,57,13,55,8,69,3,68,1,1,0,0,
240,0,0,0,0,0,0,0,1,32,59,13,58,8,66,3,67,1,1,0,0,
241,0,0,0,0,0,0,0,1,32,67,14,54,8,63,4,66,1,1,0,0,
242,0,0,0,0,0,0,0,1,35,69,13,55,7,61,5,68,2,1,0,0,
243,0,0,0,0,0,0,0,1,35,71,12,53,7,58,6,68,2,1,0,0,
244,0,0,0,0,0,0,0,1,36,74,10,52,7,57,5,64,2,1,0,0,
245,0,0,0,0,0,0,0,1,31,74,9,47,8,60,5,67,2,1,0,0,
246,0,0,0,0,0,0,0,1,31,75,7,37,9,60,5,67,2,1,0,0,
247,0,0,0,0,0,0,0,3,31,64,7,38,8,58,5,67,2,1,0,0,
248,0,0,0,0,0,0,0,3,32,63,7,42,9,60,6,66,2,2,0,0,
249,0,0,0,0,0,0,0,3,31,61,7,47,9,63,5,67,1,2,0,0,

,Exploit,0.05,0.1,0.15,0.2,0.25,0.3,0.35,0.4,0.45,0.5,0.55,0.6,0.65,0.7,0.75,0.8,0.85,0.9,Explore
0,0,0,0,0,0,0,0,0,0,50,0,0,0,0,0,0,0,0,0,0,
1,0,0,0,0,0,0,0,0,0,50,0,0,0,0,0,0,0,0,0,0,
2,0,0,0,0,0,0,0,0,0,50,0,0,0,0,0,0,0,0,0,0,
3,0,0,0,0,0,0,0,0,0,50,0,0,0,0,0,0,0,0,0,0,
4,0,0,0,0,0,0,0,0,0,50,0,0,0,0,0,0,0,0,0,0,
5,0,0,0,0,0,0,0,0,0,48,0,0,0,0,0,0,0,0,0,0,
6,0,0,0,0,0,0,0,0,0,45,0,0,0,0,0,0,0,0,0,0,
7,0,0,0,0,0,0,0,0,0,45,0,0,0,0,0,0,0,0,0,0,
8,0,0,0,0,0,0,0,0,0,53,1,0,0,0,0,0,0,0,0,0,
9,0,0,0,0,0,0,0,0,0,59,2,0,0,0,0,0,0,0,0,0,
10,0,0,0,0,0,0,0,0,0,60,2,0,0,0,0,0,0,0,0,0,
11,0,0,0,0,0,0,0,0,1,65,4,1,0,0,0,0,0,0,0,0,
12,0,0,0,0,0,0,0,0,1,66,4,1,0,0,0,0,0,0,0,0,
13,0,0,0,0,0,0,0,0,2,73,5,1,0,0,0,0,0,0,0,0,
14,0,0,0,0,0,0,0,0,2,84,5,1,0,0,0,0,0,0,0,0,
15,0,0,0,0,0,0,0,0,2,81,5,1,0,0,0,0,0,0,0,0,
16,0,0,0,0,0,0,0,0,3,84,5,1,0,0,0,0,0,0,0,0,
17,0,0,0,0,0,0,0,0,4,92,5,1,0,0,0,0,0,0,0,0,
18,0,0,0,0,0,0,0,0,4,95,5,1,0,0,0,0,0,0,0,0,
19,0,0,0,0,0,0,0,0,6,102,5,1,0,0,0,0,0,0,0,0,
20,0,0,0,0,0,0,0,0,9,103,4,1,0,0,0,0,0,0,0,0,
21,0,0,0,0,0,0,0,0,8,103,2,1,0,0,0,0,0,0,0,0,
22,0,0,0,0,0,0,0,0,10,108,2,1,0,0,0,0,0,0,0,0,
23,0,0,0,0,0,0,0,0,12,113,2,0,0,0,0,0,0,0,0,0,
24,0,0,0,0,0,0,0,0,13,115,1,0,0,0,0,0,0,0,0,0,
25,0,0,0,0,0,0,0,0,12,118,1,0,0,0,0,0,0,0,0,0,
26,0,0,0,0,0,0,0,0,15,122,1,1,0,0,0,0,0,0,0,0,
27,0,0,0,0,0,0,0,0,19,127,1,2,0,0,0,0,0,0,0,0,
28,0,0,0,0,0,0,0,0,19,126,1,2,0,0,0,0,0,0,0,0,
29,0,0,0,0,0,0,0,1,19,117,2,2,0,0,0,0,0,0,0,0,
30,0,0,0,0,0,0,0,1,19,120,2,2,0,0,0,0,0,0,0,0,
31,0,0,0,0,0,0,0,1,21,120,2,2,0,0,0,0,0,0,0,0,
32,0,0,0,0,0,0,0,1,23,118,2,2,0,0,0,0,0,0,0,0,
33,0,0,0,0,0,0,0,1,26,116,2,3,0,0,0,0,0,0,0,0,
34,0,0,0,0,0,0,0,1,32,117,2,3,0,0,0,0,0,0,0,0,
35,0,0,0,0,0,0,0,2,39,117,2,3,0,0,0,0,0,0,0,0,
36,0,0,0,0,0,0,0,2,44,125,2,4,0,0,0,0,0,0,0,0,
37,0,0,0,0,0,0,0,3,46,122,2,4,0,0,0,0,0,0,0,0,
38,0,0,0,0,0,0,0,3,51,125,2,5,0,0,0,0,0,0,0,0,
39,0,0,0,0,0,0,0,3,60,124,2,4,0,0,0,0,0,0,0,0,
40,0,0,0,0,0,0,0,4,66,123,2,4,0,0,0,0,0,0,0,0,
41,0,0,0,0,0,0,0,5,70,122,1,5,0,0,0,0,0,0,0,0,
42,0,0,0,0,0,0,1,5,77,124,0,5,0,0,0,0,0,0,0,0,
43,0,0,0,0,0,0,2,5,84,122,1,5,0,0,0,0,0,0,0,0,
44,0,0,0,0,0,0,2,5,91,134,1,5,0,0,0,0,0,0,0,0,
45,0,0,0,0,0,0,2,5,96,138,1,7,0,0,0,0,0,0,0,0,
46,0,0,0,0,0,0,2,5,98,134,1,7,0,0,0,0,0,0,0,0,
47,0,0,0,0,0,0,2,5,88,130,1,7,0,0,0,0,0,0,0,0,
48,0,0,0,0,0,0,3,5,87,126,1,7,0,0,0,0,0,0,0,0,
49,0,0,0,0,0,0,3,6,90,131,1,6,0,0,0,0,0,0,0,0,
50,0,0,0,0,0,0,3,7,88,132,1,7,0,0,0,0,0,0,0,0,
51,0,0,0,0,0,0,3,7,83,126,2,7,0,0,0,0,0,0,0,0,
52,0,0,0,0,0,1,2,7,79,129,1,7,0,0,0,0,0,0,0,0,
53,0,0,0,0,0,1,2,7,77,134,1,6,0,0,0,0,0,0,0,0,
54,0,0,0,0,0,1,2,6,82,136,2,6,0,0,0,0,0,0,0,0,
55,0,0,0,0,0,1,3,6,84,134,2,6,0,0,0,0,0,0,0,0,
56,0,0,0,0,0,2,5,6,91,131,2,6,0,0,0,0,0,0,0,0,
57,0,0,0,0,0,3,5,8,96,134,2,6,0,0,0,0,0,0,0,0,
58,0,0,0,0,0,3,4,9,100,133,2,7,0,0,0,0,0,0,0,0,
59,0,0,0,0,0,3,4,10,104,129,2,8,0,0,0,0,0,0,0,0,
60,0,0,0,0,0,4,4,10,106,129,1,9,0,0,0,0,0,0,0,0,
61,0,0,0,0,0,6,4,12,113,133,1,9,0,0,0,0,0,0,0,0,
62,0,0,0,0,0,7,4,11,122,129,1,10,0,0,0,0,0,0,0,0,
63,0,0,0,0,0,9,4,12,130,136,1,10,0,0,0,0,0,0,0,0,
64,0,0,0,0,0,9,4,12,126,143,1,11,0,0,0,0,0,0,0,0,
65,0,0,0,0,0,10,3,12,125,138,1,13,0,0,0,0,0,0,0,0,
66,0,0,0,0,0,10,2,12,123,132,1,14,0,0,0,0,0,0,0,0,
67,0,0,0,0,0,10,2,12,121,124,1,18,0,0,0,0,0,0,0,0,
68,0,0,0,0,0,10,2,14,115,127,1,16,0,0,0,0,0,0,0,0,
69,0,0,0,0,0,13,2,15,114,126,1,16,0,0,0,0,0,0,0,0,
70,0,0,0,0,0,13,1,21,120,116,1,16,0,0,0,0,0,0,0,0,
71,0,0,0,0,0,15,1,21,120,107,1,19,0,0,0,0,0,0,0,0,
72,0,0,0,0,0,16,2,22,123,103,2,18,0,0,0,0,0,0,0,0,
73,0,0,0,0,0,17,2,24,124,107,3,16,0,0,0,0,0,0,0,0,
74,0,0,0,0,0,17,4,27,127,106,3,15,0,0,0,0,0,0,0,0,
75,0,0,0,0,0,18,4,27,129,103,3,15,0,0,0,0,0,0,0,0,
76,0,0,0,0,0,18,4,24,130,105,3,15,0,0,0,0,0,0,0,0,
77,0,0,0,0,0,17,5,26,132,103,3,13,0,0,0,0,0,0,0,0,
78,0,0,0,0,0,17,5,27,125,105,2,13,0,0,0,0,0,0,0,0,
79,0,0,0,0,0,17,5,24,120,101,2,13,0,0,0,0,0,0,0,0,
80,0,0,0,0,0,20,9,25,133,99,2,11,0,0,0,0,0,0,0,0,
81,0,0,0,0,0,22,9,26,138,97,2,10,0,0,0,0,0,0,0,0,
82,0,0,0,0,0,24,10,26,131,96,2,10,0,0,0,0,0,0,0,0,
83,0,0,0,0,0,21,10,25,133,93,2,9,0,0,0,0,0,0,0,0,
84,0,0,0,0,0,24,11,29,135,92,2,8,0,0,0,0,0,0,0,0,
85,0,0,0,0,0,26,11,30,143,90,2,10,0,0,0,0,0,0,0,0,
86,0,0,0,0,0,25,12,31,149,94,2,10,1,0,0,0,0,0,0,0,
87,0,0,0,0,0,28,11,33,152,95,3,7,1,0,0,0,0,0,0,0,
88,0,0,0,0,0,29,12,33,152,93,4,8,1,0,0,0,0,0,0,0,
89,0,0,0,0,0,35,13,37,157,93,4,10,1,0,0,0,0,0,0,0,
90,0,0,0,0,0,35,12,38,156,96,4,10,1,0,0,0,0,0,0,0,
91,0,0,0,0,0,37,12,39,154,92,4,10,1,0,0,0,0,0,0,0,
92,0,0,0,0,0,35,11,40,148,95,4,10,1,0,0,0,0,0,0,0,
93,0,0,0,0,0,37,13,43,154,97,4,13,1,0,0,0,0,0,0,0,
94,0,0,0,0,0,39,15,44,154,99,4,17,1,0,0,0,0,0,0,0,
95,0,0,0,0,0,37,16,41,159,101,4,17,1,0,0,0,0,0,0,0,
96,0,0,0,0,0,39,14,43,153,102,4,18,1,0,0,0,0,0,0,0,
97,0,0,0,0,0,40,14,38,144,100,5,21,1,0,0,0,0,0,0,0,
98,0,0,0,0,0,38,14,35,139,88,5,22,1,0,0,0,0,0,0,0,
99,0,0,0,0,0,40,16,37,142,85,6,23,1,0,0,0,0,0,0,0,
100,0,0,0,0,0,42,14,40,139,85,7,22,1,0,0,0,0,0,0,0,
101,0,0,0,0,0,43,14,41,142,86,7,22,1,0,0,0,0,0,0,0,
102,0,0,0,0,0,45,13,37,141,84,7,22,1,0,0,0,0,0,0,0,
103,0,0,0,0,0,43,13,39,137,82,7,20,1,0,0,0,0,0,0,0,
104,0,0,0,0,0,45,13,40,136,82,8,20,1,0,0,0,0,0,0,0,
105,0,0,0,0,1,45,11,40,133,86,6,18,0,0,0,0,0,0,0,0,
106,0,0,0,0,1,48,12,40,133,89,6,20,0,0,0,0,0,0,0,0,
107,0,0,0,1,1,50,14,40,139,87,6,22,0,0,0,0,0,0,0,0,
108,0,0,0,1,1,52,14,40,137,85,6,22,0,0,0,0,0,0,0,0,
109,0,0,0,1,1,51,14,35,136,84,6,22,0,0,0,0,0,0,0,0,
110,0,0,0,1,1,52,17,36,127,82,6,21,0,0,0,0,0,0,0,0,
111,0,0,0,1,1,50,17,35,127,82,6,22,0,0,0,0,0,0,0,0,
112,0,0,0,1,2,49,17,35,129,79,6,21,0,0,0,0,0,0,0,0,
113,0,0,0,1,2,46,18,36,127,89,7,22,0,0,0,0,0,0,0,0,
114,0,0,0,1,3,45,17,34,125,92,7,21,0,0,0,0,0,0,0,0,
115,0,0,0,0,3,45,16,32,118,90,7,18,1,0,0,0,0,0,0,0,
116,0,0,0,0,3,43,14,31,116,86,7,18,1,0,0,0,0,0,0,0,
117,0,0,0,0,4,41,14,32,113,80,6,19,1,0,0,0,0,0,0,0,
118,0,0,0,0,4,40,12,30,111,81,5,19,1,0,0,0,0,0,0,0,
119,0,0,0,0,4,42,10,28,108,83,5,17,1,0,0,0,0,0,0,0,
120,0,0,0,0,4,46,10,25,109,78,6,19,1,0,0,0,0,0,0,0,
121,0,0,0,0,4,46,10,25,101,76,6,18,1,0,0,0,0,0,0,0,
122,0,0,0,0,4,46,9,23,96,77,6,16,1,0,0,0,0,0,0,0,
123,0,0,0,0,5,49,9,23,92,73,6,16,1,0,0,0,0,0,0,0,
124,0,0,0,0,5,47,8,24,90,74,4,17,0,0,0,0,0,0,0,0,
125,0,0,0,0,4,44,9,24,89,67,3,18,0,0,0,0,0,0,0,0,
126,0,0,0,0,4,47,6,21,84,63,4,19,0,0,0,0,0,0,0,0,
127,0,0,0,0,4,47,7,20,83,67,4,17,0,0,0,0,0,0,0,0,
128,0,0,0,0,6,44,7,20,83,64,4,16,0,0,0,0,0,0,0,0,
129,0,0,0,0,6,41,7,21,79,60,4,15,0,0,0,0,0,0,0,0,
130,0,0,0,0,6,38,8,20,73,55,4,16,0,0,0,0,0,0,0,0,
131,0,0,0,0,5,37,8,18,81,56,5,16,1,0,0,0,0,0,0,0,
132,0,0,0,0,6,44,7,19,84,53,4,15,1,0,0,0,0,0,0,0,
133,0,0,0,0,6,44,5,17,86,50,3,15,1,0,0,0,0,0,0,0,
134,0,0,0,0,5,43,5,15,84,47,3,18,1,0,0,0,0,0,0,0,
135,0,0,0,0,6,46,6,13,80,45,3,17,1,0,0,0,0,0,0,0,
136,0,0,0,0,6,46,6,16,83,46,2,15,1,0,0,0,0,0,0,0,
137,0,0,0,0,5,44,6,14,77,41,0,15,1,0,0,0,0,0,0,0,
138,0,0,0,0,5,49,5,14,78,38,0,14,1,0,0,0,0,0,0,0,
139,0,0,0,0,4,47,5,16,79,38,1,13,0,0,0,0,0,0,0,0,
140,0,0,0,0,4,50,5,16,86,38,1,12,0,0,0,0,0,0,0,0,
141,0,0,0,0,4,51,5,17,81,39,1,14,0,0,0,0,0,0,0,0,
142,0,0,0,0,4,48,6,14,77,38,1,14,0,0,0,0,0,0,0,0,
143,0,0,0,0,5,49,6,13,79,34,1,13,0,0,0,0,0,0,0,0,
144,0,0,0,0,5,52,5,13,89,37,1,11,0,0,0,0,0,0,0,0,
145,0,0,0,0,6,50,5,12,94,36,0,12,0,0,0,0,0,0,0,0,
146,0,0,0,0,6,49,8,12,93,38,0,11,0,0,0,0,0,0,0,0,
147,0,0,0,0,6,48,10,11,95,36,1,11,0,0,0,0,0,0,0,0,
148,0,0,0,0,8,42,10,9,96,37,1,12,0,0,0,0,0,0,0,0,
149,0,0,0,0,7,44,10,9,100,38,1,12,1,0,0,0,0,0,0,0,
150,0,0,0,0,6,43,11,10,101,42,1,12,1,0,0,0,0,0,0,0,
151,0,0,0,0,6,43,12,8,98,44,1,13,1,0,0,0,0,0,0,0,
152,0,0,0,0,6,44,12,9,104,42,1,12,1,0,0,0,0,0,0,0,
153,0,0,0,0,6,50,13,9,105,41,1,12,1,0,0,0,0,0,0,0,
154,0,0,0,0,7,53,14,10,106,41,1,13,1,0,0,0,0,0,0,0,
155,0,0,0,0,6,45,12,11,101,45,1,15,1,0,0,0,0,0,0,0,
156,0,0,0,0,6,47,11,12,97,47,1,14,1,0,0,0,0,0,0,0,
157,0,0,0,0,6,52,11,14,95,49,1,14,1,0,0,0,0,0,0,0,
158,0,0,0,1,6,52,12,15,97,52,1,15,1,0,0,0,0,0,0,0,
159,0,0,0,1,7,50,12,15,93,56,1,15,1,0,0,0,0,0,0,0,
160,0,0,0,1,7,55,12,17,94,54,1,15,1,0,0,0,0,0,0,0,
161,0,0,0,1,7,54,12,20,98,55,1,15,1,0,0,0,0,0,0,0,
162,0,0,0,1,7,56,13,21,94,50,2,16,1,0,0,0,0,0,0,0,
163,0,0,0,1,7,62,13,24,92,50,1,16,1,0,0,0,0,0,0,0,
164,0,0,0,1,7,63,12,23,88,51,1,15,1,0,0,0,0,0,0,0,
165,0,0,0,1,7,65,13,23,92,50,1,15,2,0,0,0,0,0,0,0,
166,0,0,0,1,8,69,14,25,90,43,1,14,2,0,0,0,0,0,0,0,
167,0,0,0,1,8,71,15,23,88,46,1,13,2,0,0,0,0,0,0,0,
168,0,0,0,1,8,74,18,22,86,38,1,14,2,0,0,0,0,0,0,0,
169,0,0,0,1,7,84,16,22,86,36,1,14,2,0,0,0,0,0,0,0,
170,0,0,0,2,6,85,17,23,94,35,1,13,2,0,0,0,0,0,0,0,
171,0,0,0,2,7,84,17,25,94,41,1,10,3,0,0,0,0,0,0,0,
172,0,0,0,2,7,84,15,23,86,44,1,9,3,0,0,0,0,0,0,0,
173,0,0,0,2,8,86,17,23,86,46,1,8,4,0,0,0,0,0,0,0,
174,0,0,0,2,8,86,17,25,83,51,1,8,4,0,0,0,0,0,0,0,
175,0,0,0,3,9,87,18,24,82,53,1,7,4,0,0,0,0,0,0,0,
176,0,0,0,3,9,89,18,22,81,58,1,8,4,0,0,0,0,0,0,0,
177,0,0,0,3,12,89,17,21,80,59,1,8,6,0,0,0,0,0,0,0,
178,0,0,0,3,14,91,16,22,87,58,1,11,6,0,0,0,0,0,0,0,
179,0,0,0,3,14,92,17,22,83,55,1,13,7,0,0,0,0,0,0,0,
180,0,0,0,3,14,96,18,21,83,54,1,13,7,0,0,0,0,0,0,0,
181,0,0,0,3,12,99,17,22,83,55,1,15,6,0,0,0,0,0,0,0,
182,0,0,0,3,13,92,15,24,86,54,2,18,6,0,0,0,0,0,0,0,
183,0,0,0,3,11,97,16,24,81,54,2,18,7,0,0,0,0,0,0,0,
184,0,0,0,4,11,98,15,23,82,54,3,20,7,0,0,0,0,0,0,0,
185,0,0,0,5,10,101,15,22,80,59,3,20,8,0,0,0,0,0,0,0,
186,0,0,0,5,9,101,15,23,78,63,4,19,8,0,0,0,0,0,0,0,
187,0,0,0,5,9,100,15,23,81,62,4,20,8,0,0,0,0,0,0,0,
188,0,0,0,5,8,105,14,21,80,66,4,23,8,0,0,0,0,0,0,0,
189,0,0,0,4,7,107,13,21,77,68,4,23,7,0,0,0,0,0,0,0,
190,0,0,0,4,6,108,12,21,80,68,5,24,7,0,0,0,0,0,0,0,
191,0,0,0,3,7,105,14,20,82,65,5,22,7,0,0,0,0,0,0,0,
192,0,0,0,4,7,106,15,20,85,65,4,21,6,0,0,0,0,0,0,0,
193,0,0,0,4,6,104,15,20,81,65,4,24,6,1,0,0,0,0,0,0,
194,0,0,0,4,5,105,14,19,80,67,4,22,9,1,0,0,0,0,0,0,
195,0,0,0,4,5,108,15,18,76,65,4,18,10,1,0,0,0,0,0,0,
196,0,0,0,4,3,114,15,15,77,69,4,17,12,1,0,0,0,0,0,0,
197,0,0,0,4,3,115,13,15,76,67,5,17,15,1,0,0,0,0,0,0,
198,0,0,0,4,3,108,14,16,72,70,5,16,15,1,0,0,0,0,0,0,
199,0,0,0,4,3,103,17,18,73,72,4,14,15,1,0,0,0,0,0,0,
200,0,0,0,6,4,99,18,15,76,69,5,14,16,1,0,0,0,0,0,0,
201,0,0,0,6,4,97,20,16,76,71,5,12,16,1,0,0,0,0,0,0,
202,0,0,0,6,4,96,22,15,77,74,7,12,16,2,0,0,0,0,0,0,
203,0,0,0,5,4,90,21,17,72,71,7,9,16,2,0,0,0,0,0,0,
204,0,0,0,5,5,89,21,19,76,71,7,9,16,2,0,0,0,0,0,0,
205,0,0,0,6,5,85,25,19,77,70,7,9,13,2,0,0,0,0,0,0,
206,0,0,0,6,5,86,25,21,79,69,7,9,15,2,0,0,0,0,0,0,
207,0,0,0,7,5,86,25,22,78,63,7,8,17,2,0,0,0,0,0,0,
208,0,0,0,7,5,85,25,25,74,57,7,8,17,2,0,0,0,0,0,0,
209,0,0,0,7,4,87,22,26,71,56,7,6,17,2,0,0,0,0,0,0,
210,0,0,0,6,4,86,22,25,74,51,8,5,17,3,0,0,0,0,0,0,
211,0,0,0,6,4,82,22,27,76,49,7,4,17,3,0,0,0,0,0,0,
212,0,0,0,7,7,85,25,25,71,51,6,4,18,3,0,0,0,0,0,0,
213,0,0,0,7,7,87,27,24,68,51,5,4,18,4,0,0,0,0,0,0,
214,0,0,0,7,7,87,28,25,66,49,5,5,20,3,0,0,0,0,0,0,
215,0,0,0,6,7,88,28,26,66,48,5,5,20,2,0,0,0,0,0,0,
216,0,0,0,5,7,91,29,25,66,48,5,6,21,2,0,0,0,0,0,0,
217,0,0,0,6,8,91,33,26,65,51,5,7,21,2,0,0,0,0,0,0,
218,0,0,0,6,8,89,35,28,66,50,3,7,21,2,0,0,0,0,0,0,
219,0,0,0,6,7,85,37,30,65,49,2,7,20,1,0,0,0,0,0,0,
220,0,0,0,6,7,86,39,30,66,45,3,6,19,1,0,0,0,0,0,0,
221,0,0,0,7,7,88,40,31,68,46,3,6,17,1,0,0,0,0,0,0,
222,0,0,0,6,6,89,44,29,70,47,4,6,17,1,0,0,0,0,0,0,
223,0,0,0,6,5,90,45,28,66,50,4,6,18,1,0,0,0,0,0,0,
224,0,0,0,9,6,88,46,26,64,50,5,4,20,1,0,0,0,0,0,0,
225,0,0,0,9,7,85,46,24,59,50,5,5,20,1,0,0,0,0,0,0,
226,0,0,0,9,9,85,49,22,62,52,4,5,19,2,0,0,0,0,0,0,
227,0,0,0,9,8,88,49,17,62,53,4,5,20,2,0,0,0,0,0,0,
228,0,0,0,10,8,88,45,18,64,51,5,4,20,2,0,0,0,0,0,0,
229,0,0,0,10,9,84,47,18,66,50,5,4,20,1,0,0,0,0,0,0,
230,0,0,0,7,9,80,46,19,63,52,4,5,20,1,0,0,0,0,0,0,
231,0,0,0,7,12,80,43,20,63,54,4,6,20,1,0,0,0,0,0,0,
232,0,0,0,7,12,81,42,19,63,55,4,7,19,1,0,0,0,0,0,0,
233,0,0,0,6,11,78,44,19,59,55,5,7,20,1,0,0,0,0,0,0,
234,0,0,0,5,10,72,47,17,53,53,5,8,22,1,0,0,0,0,0,0,
235,0,0,0,6,9,68,49,19,55,54,5,8,23,1,0,0,0,0,0,0,
236,0,0,0,6,10,71,47,24,48,55,3,7,23,1,0,0,0,0,0,0,
237,0,0,0,6,11,72,49,23,49,57,2,8,23,1,0,0,0,0,0,0,
238,0,0,0,6,11,72,49,22,48,56,2,8,26,1,0,0,0,0,0,0,
239,0,0,0,7,11,70,52,25,50,54,2,8,27,1,0,0,0,0,0,0,
240,0,0,0,7,11,66,52,26,52,56,3,8,27,1,0,0,0,0,0,0,
241,0,0,0,7,10,63,52,28,48,64,3,7,27,2,0,0,0,0,0,0,
242,0,0,0,8,11,61,53,27,51,66,3,6,30,1,0,0,0,0,0,0,
243,0,0,0,10,12,58,51,25,50,67,4,6,30,1,0,0,0,0,0,0,
244,0,0,0,10,11,57,47,23,49,70,6,6,29,1,0,0,0,0,0,0,
245,0,0,0,9,10,60,52,21,46,70,6,6,24,1,0,0,0,0,0,0,
246,0,0,0,10,10,61,51,17,40,68,6,7,24,1,0,0,0,0,0,0,
247,0,0,0,11,11,58,49,17,40,59,8,6,24,1,0,0,0,0,0,0,
248,0,0,0,11,12,60,49,18,44,58,8,6,25,1,0,0,0,0,0,0,
249,0,0,0,11,11,63,50,16,49,57,8,6,24,1,0,0,0,0,0,0,
